1st,1stLabel,1stDay,2nd,2ndLabel,2ndDay,3rd,3rdLabel,3rdDay,4th,4thLabel,4thDay,5th,5thLabel,5thDay,6th,6thLabel,6thDay,7th,7thLabel,7thDay
122,0,1,229,0,0,169,-4,0,231,0,1,144,0,1,284,0,1,505,0,1
229,0,0,169,-4,0,231,0,1,144,0,1,284,0,1,505,0,1,571,1,1
169,-4,0,231,0,1,144,0,1,284,0,1,505,0,1,571,1,1,813,0,0
231,0,1,144,0,1,284,0,1,505,0,1,571,1,1,813,0,0,586,0,0
144,0,1,284,0,1,505,0,1,571,1,1,813,0,0,586,0,0,476,0,1
284,0,1,505,0,1,571,1,1,813,0,0,586,0,0,476,0,1,600,0,1
505,0,1,571,1,1,813,0,0,586,0,0,476,0,1,600,0,1,516,0,1
571,1,1,813,0,0,586,0,0,476,0,1,600,0,1,516,0,1,438,0,1
813,0,0,586,0,0,476,0,1,600,0,1,516,0,1,438,0,1,367,0,1
586,0,0,476,0,1,600,0,1,516,0,1,438,0,1,367,0,1,248,-1,0
476,0,1,600,0,1,516,0,1,438,0,1,367,0,1,248,-1,0,131,-1,0
600,0,1,516,0,1,438,0,1,367,0,1,248,-1,0,131,-1,0,242,0,1
516,0,1,438,0,1,367,0,1,248,-1,0,131,-1,0,242,0,1,114,-3,1
438,0,1,367,0,1,248,-1,0,131,-1,0,242,0,1,114,-3,1,110,0,1
367,0,1,248,-1,0,131,-1,0,242,0,1,114,-3,1,110,0,1,107,-7,1
248,-1,0,131,-1,0,242,0,1,114,-3,1,110,0,1,107,-7,1,76,0,1
131,-1,0,242,0,1,114,-3,1,110,0,1,107,-7,1,76,0,1,74,0,0
242,0,1,114,-3,1,110,0,1,107,-7,1,76,0,1,74,0,0,84,-2,0
114,-3,1,110,0,1,107,-7,1,76,0,1,74,0,0,84,-2,0,93,0,1
110,0,1,107,-7,1,76,0,1,74,0,0,84,-2,0,93,0,1,152,-3,1
107,-7,1,76,0,1,74,0,0,84,-2,0,93,0,1,152,-3,1,87,-1,1
76,0,1,74,0,0,84,-2,0,93,0,1,152,-3,1,87,-1,1,147,0,1
74,0,0,84,-2,0,93,0,1,152,-3,1,87,-1,1,147,0,1,87,0,1
84,-2,0,93,0,1,152,-3,1,87,-1,1,147,0,1,87,0,1,147,1,0
93,0,1,152,-3,1,87,-1,1,147,0,1,87,0,1,147,1,0,98,0,0
152,-3,1,87,-1,1,147,0,1,87,0,1,147,1,0,98,0,0,64,0,1
87,-1,1,147,0,1,87,0,1,147,1,0,98,0,0,64,0,1,76,0,1
147,0,1,87,0,1,147,1,0,98,0,0,64,0,1,76,0,1,100,-1,1
87,0,1,147,1,0,98,0,0,64,0,1,76,0,1,100,-1,1,104,0,1
147,1,0,98,0,0,64,0,1,76,0,1,100,-1,1,104,0,1,91,0,1
98,0,0,64,0,1,76,0,1,100,-1,1,104,0,1,91,0,1,146,-1,0
64,0,1,76,0,1,100,-1,1,104,0,1,91,0,1,146,-1,0,105,-1,0
76,0,1,100,-1,1,104,0,1,91,0,1,146,-1,0,105,-1,0,78,0,1
100,-1,1,104,0,1,91,0,1,146,-1,0,105,-1,0,78,0,1,125,-1,1
104,0,1,91,0,1,146,-1,0,105,-1,0,78,0,1,125,-1,1,101,0,1
91,0,1,146,-1,0,105,-1,0,78,0,1,125,-1,1,101,0,1,89,-2,1
146,-1,0,105,-1,0,78,0,1,125,-1,1,101,0,1,89,-2,1,86,-1,1
105,-1,0,78,0,1,125,-1,1,101,0,1,89,-2,1,86,-1,1,94,0,0
78,0,1,125,-1,1,101,0,1,89,-2,1,86,-1,1,94,0,0,71,0,0
125,-1,1,101,0,1,89,-2,1,86,-1,1,94,0,0,71,0,0,47,0,1
101,0,1,89,-2,1,86,-1,1,94,0,0,71,0,0,47,0,1,47,0,1
89,-2,1,86,-1,1,94,0,0,71,0,0,47,0,1,47,0,1,53,0,1
86,-1,1,94,0,0,71,0,0,47,0,1,47,0,1,53,0,1,39,0,1
94,0,0,71,0,0,47,0,1,47,0,1,53,0,1,39,0,1,27,0,1
71,0,0,47,0,1,47,0,1,53,0,1,39,0,1,27,0,1,30,0,0
47,0,1,47,0,1,53,0,1,39,0,1,27,0,1,30,0,0,32,0,0
47,0,1,53,0,1,39,0,1,27,0,1,30,0,0,32,0,0,25,0,1
53,0,1,39,0,1,27,0,1,30,0,0,32,0,0,25,0,1,27,0,1
39,0,1,27,0,1,30,0,0,32,0,0,25,0,1,27,0,1,27,0,1
27,0,1,30,0,0,32,0,0,25,0,1,27,0,1,27,0,1,22,0,1
30,0,0,32,0,0,25,0,1,27,0,1,27,0,1,22,0,1,22,0,1
32,0,0,25,0,1,27,0,1,27,0,1,22,0,1,22,0,1,18,1,0
25,0,1,27,0,1,27,0,1,22,0,1,22,0,1,18,1,0,8,0,0
27,0,1,27,0,1,22,0,1,22,0,1,18,1,0,8,0,0,13,1,1
27,0,1,22,0,1,22,0,1,18,1,0,8,0,0,13,1,1,9,2,1
22,0,1,22,0,1,18,1,0,8,0,0,13,1,1,9,2,1,11,0,1
22,0,1,18,1,0,8,0,0,13,1,1,9,2,1,11,0,1,8,0,1
18,1,0,8,0,0,13,1,1,9,2,1,11,0,1,8,0,1,6,2,1
8,0,0,13,1,1,9,2,1,11,0,1,8,0,1,6,2,1,10,0,0
13,1,1,9,2,1,11,0,1,8,0,1,6,2,1,10,0,0,10,-2,0
9,2,1,11,0,1,8,0,1,6,2,1,10,0,0,10,-2,0,10,-1,1
11,0,1,8,0,1,6,2,1,10,0,0,10,-2,0,10,-1,1,14,0,1
8,0,1,6,2,1,10,0,0,10,-2,0,10,-1,1,14,0,1,9,-2,1
6,2,1,10,0,0,10,-2,0,10,-1,1,14,0,1,9,-2,1,4,0,0
10,0,0,10,-2,0,10,-1,1,14,0,1,9,-2,1,4,0,0,9,0,1
10,-2,0,10,-1,1,14,0,1,9,-2,1,4,0,0,9,0,1,6,0,0
10,-1,1,14,0,1,9,-2,1,4,0,0,9,0,1,6,0,0,13,0,0
14,0,1,9,-2,1,4,0,0,9,0,1,6,0,0,13,0,0,8,-3,1
9,-2,1,4,0,0,9,0,1,6,0,0,13,0,0,8,-3,1,3,0,0
4,0,0,9,0,1,6,0,0,13,0,0,8,-3,1,3,0,0,2,0,1
9,0,1,6,0,0,13,0,0,8,-3,1,3,0,0,2,0,1,4,0,1
6,0,0,13,0,0,8,-3,1,3,0,0,2,0,1,4,0,1,12,0,1
13,0,0,8,-3,1,3,0,0,2,0,1,4,0,1,12,0,1,18,0,0
8,-3,1,3,0,0,2,0,1,4,0,1,12,0,1,18,0,0,34,0,0
3,0,0,2,0,1,4,0,1,12,0,1,18,0,0,34,0,0,35,0,1
2,0,1,4,0,1,12,0,1,18,0,0,34,0,0,35,0,1,27,-1,1
4,0,1,12,0,1,18,0,0,34,0,0,35,0,1,27,-1,1,26,-2,1
12,0,1,18,0,0,34,0,0,35,0,1,27,-1,1,26,-2,1,29,0,1
18,0,0,34,0,0,35,0,1,27,-1,1,26,-2,1,29,0,1,27,0,1
34,0,0,35,0,1,27,-1,1,26,-2,1,29,0,1,27,0,1,19,0,0
35,0,1,27,-1,1,26,-2,1,29,0,1,27,0,1,19,0,0,13,-1,0
27,-1,1,26,-2,1,29,0,1,27,0,1,19,0,0,13,-1,0,15,-1,1
26,-2,1,29,0,1,27,0,1,19,0,0,13,-1,0,15,-1,1,13,0,1
29,0,1,27,0,1,19,0,0,13,-1,0,15,-1,1,13,0,1,32,-2,1
27,0,1,19,0,0,13,-1,0,15,-1,1,13,0,1,32,-2,1,12,0,1
19,0,0,13,-1,0,15,-1,1,13,0,1,32,-2,1,12,0,1,20,0,1
13,-1,0,15,-1,1,13,0,1,32,-2,1,12,0,1,20,0,1,23,-1,0
15,-1,1,13,0,1,32,-2,1,12,0,1,20,0,1,23,-1,0,25,-1,0
13,0,1,32,-2,1,12,0,1,20,0,1,23,-1,0,25,-1,0,16,-2,1
32,-2,1,12,0,1,20,0,1,23,-1,0,25,-1,0,16,-2,1,19,0,1
12,0,1,20,0,1,23,-1,0,25,-1,0,16,-2,1,19,0,1,40,2,1
20,0,1,23,-1,0,25,-1,0,16,-2,1,19,0,1,40,2,1,79,0,1
23,-1,0,25,-1,0,16,-2,1,19,0,1,40,2,1,79,0,1,58,0,1
25,-1,0,16,-2,1,19,0,1,40,2,1,79,0,1,58,0,1,39,-2,0
16,-2,1,19,0,1,40,2,1,79,0,1,58,0,1,39,-2,0,27,0,0
19,0,1,40,2,1,79,0,1,58,0,1,39,-2,0,27,0,0,35,0,1
40,2,1,79,0,1,58,0,1,39,-2,0,27,0,0,35,0,1,38,0,1
79,0,1,58,0,1,39,-2,0,27,0,0,35,0,1,38,0,1,49,0,1
58,0,1,39,-2,0,27,0,0,35,0,1,38,0,1,49,0,1,39,0,1
39,-2,0,27,0,0,35,0,1,38,0,1,49,0,1,39,0,1,39,1,1
27,0,0,35,0,1,38,0,1,49,0,1,39,0,1,39,1,1,51,-4,0
35,0,1,38,0,1,49,0,1,39,0,1,39,1,1,51,-4,0,57,0,0
38,0,1,49,0,1,39,0,1,39,1,1,51,-4,0,57,0,0,38,-2,1
49,0,1,39,0,1,39,1,1,51,-4,0,57,0,0,38,-2,1,38,0,1
39,0,1,39,1,1,51,-4,0,57,0,0,38,-2,1,38,0,1,50,0,1
39,1,1,51,-4,0,57,0,0,38,-2,1,38,0,1,50,0,1,45,-1,1
51,-4,0,57,0,0,38,-2,1,38,0,1,50,0,1,45,-1,1,56,0,1
57,0,0,38,-2,1,38,0,1,50,0,1,45,-1,1,56,0,1,48,0,0
38,-2,1,38,0,1,50,0,1,45,-1,1,56,0,1,48,0,0,34,-3,0
38,0,1,50,0,1,45,-1,1,56,0,1,48,0,0,34,-3,0,36,-2,1
50,0,1,45,-1,1,56,0,1,48,0,0,34,-3,0,36,-2,1,34,0,1
45,-1,1,56,0,1,48,0,0,34,-3,0,36,-2,1,34,0,1,43,0,1
56,0,1,48,0,0,34,-3,0,36,-2,1,34,0,1,43,0,1,59,0,1
48,0,0,34,-3,0,36,-2,1,34,0,1,43,0,1,59,0,1,49,-2,1
34,-3,0,36,-2,1,34,0,1,43,0,1,59,0,1,49,-2,1,67,-2,0
36,-2,1,34,0,1,43,0,1,59,0,1,49,-2,1,67,-2,0,48,-1,0
34,0,1,43,0,1,59,0,1,49,-2,1,67,-2,0,48,-1,0,17,0,1
43,0,1,59,0,1,49,-2,1,67,-2,0,48,-1,0,17,0,1,46,0,1
59,0,1,49,-2,1,67,-2,0,48,-1,0,17,0,1,46,0,1,51,-1,1
49,-2,1,67,-2,0,48,-1,0,17,0,1,46,0,1,51,-1,1,28,0,1
67,-2,0,48,-1,0,17,0,1,46,0,1,51,-1,1,28,0,1,39,0,1
48,-1,0,17,0,1,46,0,1,51,-1,1,28,0,1,39,0,1,51,0,0
17,0,1,46,0,1,51,-1,1,28,0,1,39,0,1,51,0,0,62,0,0
46,0,1,51,-1,1,28,0,1,39,0,1,51,0,0,62,0,0,42,0,1
51,-1,1,28,0,1,39,0,1,51,0,0,62,0,0,42,0,1,43,0,1
28,0,1,39,0,1,51,0,0,62,0,0,42,0,1,43,0,1,50,0,1
39,0,1,51,0,0,62,0,0,42,0,1,43,0,1,50,0,1,54,0,1
51,0,0,62,0,0,42,0,1,43,0,1,50,0,1,54,0,1,63,0,1
62,0,0,42,0,1,43,0,1,50,0,1,54,0,1,63,0,1,63,0,0
42,0,1,43,0,1,50,0,1,54,0,1,63,0,1,63,0,0,61,0,0
43,0,1,50,0,1,54,0,1,63,0,1,63,0,0,61,0,0,46,0,1
50,0,1,54,0,1,63,0,1,63,0,0,61,0,0,46,0,1,44,0,1
54,0,1,63,0,1,63,0,0,61,0,0,46,0,1,44,0,1,63,-3,1
63,0,1,63,0,0,61,0,0,46,0,1,44,0,1,63,-3,1,49,0,1
63,0,0,61,0,0,46,0,1,44,0,1,63,-3,1,49,0,1,45,0,1
61,0,0,46,0,1,44,0,1,63,-3,1,49,0,1,45,0,1,35,0,0
46,0,1,44,0,1,63,-3,1,49,0,1,45,0,1,35,0,0,44,0,0
44,0,1,63,-3,1,49,0,1,45,0,1,35,0,0,44,0,0,92,0,1
63,-3,1,49,0,1,45,0,1,35,0,0,44,0,0,92,0,1,33,1,1
49,0,1,45,0,1,35,0,0,44,0,0,92,0,1,33,1,1,39,0,1
45,0,1,35,0,0,44,0,0,92,0,1,33,1,1,39,0,1,61,0,1
35,0,0,44,0,0,92,0,1,33,1,1,39,0,1,61,0,1,60,0,1
44,0,0,92,0,1,33,1,1,39,0,1,61,0,1,60,0,1,39,0,0
92,0,1,33,1,1,39,0,1,61,0,1,60,0,1,39,0,0,34,0,0
33,1,1,39,0,1,61,0,1,60,0,1,39,0,0,34,0,0,26,0,1
39,0,1,61,0,1,60,0,1,39,0,0,34,0,0,26,0,1,45,0,1
61,0,1,60,0,1,39,0,0,34,0,0,26,0,1,45,0,1,63,0,1
60,0,1,39,0,0,34,0,0,26,0,1,45,0,1,63,0,1,59,0,1
39,0,0,34,0,0,26,0,1,45,0,1,63,0,1,59,0,1,41,0,1
34,0,0,26,0,1,45,0,1,63,0,1,59,0,1,41,0,1,113,0,0
26,0,1,45,0,1,63,0,1,59,0,1,41,0,1,113,0,0,58,0,0
45,0,1,63,0,1,59,0,1,41,0,1,113,0,0,58,0,0,25,0,1
63,0,1,59,0,1,41,0,1,113,0,0,58,0,0,25,0,1,28,0,1
59,0,1,41,0,1,113,0,0,58,0,0,25,0,1,28,0,1,48,0,1
41,0,1,113,0,0,58,0,0,25,0,1,28,0,1,48,0,1,18,0,1
113,0,0,58,0,0,25,0,1,28,0,1,48,0,1,18,0,1,36,0,1
58,0,0,25,0,1,28,0,1,48,0,1,18,0,1,36,0,1,31,0,0
25,0,1,28,0,1,48,0,1,18,0,1,36,0,1,31,0,0,30,0,0
28,0,1,48,0,1,18,0,1,36,0,1,31,0,0,30,0,0,23,0,1
48,0,1,18,0,1,36,0,1,31,0,0,30,0,0,23,0,1,34,0,1
18,0,1,36,0,1,31,0,0,30,0,0,23,0,1,34,0,1,33,-1,1
36,0,1,31,0,0,30,0,0,23,0,1,34,0,1,33,-1,1,43,0,1
31,0,0,30,0,0,23,0,1,34,0,1,33,-1,1,43,0,1,20,0,1
30,0,0,23,0,1,34,0,1,33,-1,1,43,0,1,20,0,1,43,-1,0
23,0,1,34,0,1,33,-1,1,43,0,1,20,0,1,43,-1,0,36,-1,0
34,0,1,33,-1,1,43,0,1,20,0,1,43,-1,0,36,-1,0,28,0,1
33,-1,1,43,0,1,20,0,1,43,-1,0,36,-1,0,28,0,1,34,0,1
43,0,1,20,0,1,43,-1,0,36,-1,0,28,0,1,34,0,1,54,-1,1
20,0,1,43,-1,0,36,-1,0,28,0,1,34,0,1,54,-1,1,56,0,1
43,-1,0,36,-1,0,28,0,1,34,0,1,54,-1,1,56,0,1,103,-1,1
36,-1,0,28,0,1,34,0,1,54,-1,1,56,0,1,103,-1,1,166,0,0
28,0,1,34,0,1,54,-1,1,56,0,1,103,-1,1,166,0,0,279,-2,0
34,0,1,54,-1,1,56,0,1,103,-1,1,166,0,0,279,-2,0,197,0,0
54,-1,1,56,0,1,103,-1,1,166,0,0,279,-2,0,197,0,0,246,0,1
56,0,1,103,-1,1,166,0,0,279,-2,0,197,0,0,246,0,1,297,0,1
103,-1,1,166,0,0,279,-2,0,197,0,0,246,0,1,297,0,1,288,0,1
166,0,0,279,-2,0,197,0,0,246,0,1,297,0,1,288,0,1,324,0,1
279,-2,0,197,0,0,246,0,1,297,0,1,288,0,1,324,0,1,332,0,0
197,0,0,246,0,1,297,0,1,288,0,1,324,0,1,332,0,0,397,0,0
246,0,1,297,0,1,288,0,1,324,0,1,332,0,0,397,0,0,266,0,1
297,0,1,288,0,1,324,0,1,332,0,0,397,0,0,266,0,1,280,0,1
288,0,1,324,0,1,332,0,0,397,0,0,266,0,1,280,0,1,320,-1,1
324,0,1,332,0,0,397,0,0,266,0,1,280,0,1,320,-1,1,441,0,1
332,0,0,397,0,0,266,0,1,280,0,1,320,-1,1,441,0,1,371,0,1
397,0,0,266,0,1,280,0,1,320,-1,1,441,0,1,371,0,1,323,0,0
266,0,1,280,0,1,320,-1,1,441,0,1,371,0,1,323,0,0,299,0,0
280,0,1,320,-1,1,441,0,1,371,0,1,323,0,0,299,0,0,248,-1,1
320,-1,1,441,0,1,371,0,1,323,0,0,299,0,0,248,-1,1,235,-1,1
441,0,1,371,0,1,323,0,0,299,0,0,248,-1,1,235,-1,1,267,-4,1
371,0,1,323,0,0,299,0,0,248,-1,1,235,-1,1,267,-4,1,195,0,1
323,0,0,299,0,0,248,-1,1,235,-1,1,267,-4,1,195,0,1,198,0,1
299,0,0,248,-1,1,235,-1,1,267,-4,1,195,0,1,198,0,1,168,0,0
248,-1,1,235,-1,1,267,-4,1,195,0,1,198,0,1,168,0,0,167,0,0
235,-1,1,267,-4,1,195,0,1,198,0,1,168,0,0,167,0,0,119,-1,1
267,-4,1,195,0,1,198,0,1,168,0,0,167,0,0,119,-1,1,136,0,1
195,0,1,198,0,1,168,0,0,167,0,0,119,-1,1,136,0,1,156,0,1
198,0,1,168,0,0,167,0,0,119,-1,1,136,0,1,156,0,1,155,0,1
168,0,0,167,0,0,119,-1,1,136,0,1,156,0,1,155,0,1,176,0,1
167,0,0,119,-1,1,136,0,1,156,0,1,155,0,1,176,0,1,136,-1,0
119,-1,1,136,0,1,156,0,1,155,0,1,176,0,1,136,-1,0,121,-1,0
136,0,1,156,0,1,155,0,1,176,0,1,136,-1,0,121,-1,0,109,-2,1
156,0,1,155,0,1,176,0,1,136,-1,0,121,-1,0,109,-2,1,106,0,1
155,0,1,176,0,1,136,-1,0,121,-1,0,109,-2,1,106,0,1,113,0,1
176,0,1,136,-1,0,121,-1,0,109,-2,1,106,0,1,113,0,1,153,0,1
136,-1,0,121,-1,0,109,-2,1,106,0,1,113,0,1,153,0,1,126,0,1
121,-1,0,109,-2,1,106,0,1,113,0,1,153,0,1,126,0,1,110,-1,0
109,-2,1,106,0,1,113,0,1,153,0,1,126,0,1,110,-1,0,82,0,0
106,0,1,113,0,1,153,0,1,126,0,1,110,-1,0,82,0,0,70,0,1
113,0,1,153,0,1,126,0,1,110,-1,0,82,0,0,70,0,1,61,0,1
153,0,1,126,0,1,110,-1,0,82,0,0,70,0,1,61,0,1,110,0,1
126,0,1,110,-1,0,82,0,0,70,0,1,61,0,1,110,0,1,125,-1,1
110,-1,0,82,0,0,70,0,1,61,0,1,110,0,1,125,-1,1,114,-2,1
82,0,0,70,0,1,61,0,1,110,0,1,125,-1,1,114,-2,1,61,-1,0
70,0,1,61,0,1,110,0,1,125,-1,1,114,-2,1,61,-1,0,95,-1,0
61,0,1,110,0,1,125,-1,1,114,-2,1,61,-1,0,95,-1,0,50,0,1
110,0,1,125,-1,1,114,-2,1,61,-1,0,95,-1,0,50,0,1,38,0,1
125,-1,1,114,-2,1,61,-1,0,95,-1,0,50,0,1,38,0,1,113,0,0
114,-2,1,61,-1,0,95,-1,0,50,0,1,38,0,1,113,0,0,77,-1,0
61,-1,0,95,-1,0,50,0,1,38,0,1,113,0,0,77,-1,0,63,0,0
95,-1,0,50,0,1,38,0,1,113,0,0,77,-1,0,63,0,0,75,0,0
50,0,1,38,0,1,113,0,0,77,-1,0,63,0,0,75,0,0,64,-2,0
38,0,1,113,0,0,77,-1,0,63,0,0,75,0,0,64,-2,0,73,0,1
113,0,0,77,-1,0,63,0,0,75,0,0,64,-2,0,73,0,1,75,-1,1
77,-1,0,63,0,0,75,0,0,64,-2,0,73,0,1,75,-1,1,114,2,1
63,0,0,75,0,0,64,-2,0,73,0,1,75,-1,1,114,2,1,69,0,1
75,0,0,64,-2,0,73,0,1,75,-1,1,114,2,1,69,0,1,54,2,0
64,-2,0,73,0,1,75,-1,1,114,2,1,69,0,1,54,2,0,72,0,0
73,0,1,75,-1,1,114,2,1,69,0,1,54,2,0,72,0,0,58,0,0
75,-1,1,114,2,1,69,0,1,54,2,0,72,0,0,58,0,0,97,0,1
114,2,1,69,0,1,54,2,0,72,0,0,58,0,0,97,0,1,102,0,1
69,0,1,54,2,0,72,0,0,58,0,0,97,0,1,102,0,1,84,0,1
54,2,0,72,0,0,58,0,0,97,0,1,102,0,1,84,0,1,99,0,1
72,0,0,58,0,0,97,0,1,102,0,1,84,0,1,99,0,1,47,0,1
58,0,0,97,0,1,102,0,1,84,0,1,99,0,1,47,0,1,73,0,0
97,0,1,102,0,1,84,0,1,99,0,1,47,0,1,73,0,0,91,0,0
102,0,1,84,0,1,99,0,1,47,0,1,73,0,0,91,0,0,76,0,1
84,0,1,99,0,1,47,0,1,73,0,0,91,0,0,76,0,1,58,0,1
99,0,1,47,0,1,73,0,0,91,0,0,76,0,1,58,0,1,91,0,1
47,0,1,73,0,0,91,0,0,76,0,1,58,0,1,91,0,1,119,0,1
73,0,0,91,0,0,76,0,1,58,0,1,91,0,1,119,0,1,155,0,1
91,0,0,76,0,1,58,0,1,91,0,1,119,0,1,155,0,1,77,0,0
76,0,1,58,0,1,91,0,1,119,0,1,155,0,1,77,0,0,61,0,0
58,0,1,91,0,1,119,0,1,155,0,1,77,0,0,61,0,0,119,1,1
91,0,1,119,0,1,155,0,1,77,0,0,61,0,0,119,1,1,88,-1,1
119,0,1,155,0,1,77,0,0,61,0,0,119,1,1,88,-1,1,103,0,1
155,0,1,77,0,0,61,0,0,119,1,1,88,-1,1,103,0,1,125,0,1
77,0,0,61,0,0,119,1,1,88,-1,1,103,0,1,125,0,1,114,0,1
61,0,0,119,1,1,88,-1,1,103,0,1,125,0,1,114,0,1,126,0,0
119,1,1,88,-1,1,103,0,1,125,0,1,114,0,1,126,0,0,124,0,0
88,-1,1,103,0,1,125,0,1,114,0,1,126,0,0,124,0,0,97,-1,1
103,0,1,125,0,1,114,0,1,126,0,0,124,0,0,97,-1,1,75,0,1
125,0,1,114,0,1,126,0,0,124,0,0,97,-1,1,75,0,1,118,0,1
114,0,1,126,0,0,124,0,0,97,-1,1,75,0,1,118,0,1,125,-1,1
126,0,0,124,0,0,97,-1,1,75,0,1,118,0,1,125,-1,1,145,0,1
124,0,0,97,-1,1,75,0,1,118,0,1,125,-1,1,145,0,1,89,0,0
97,-1,1,75,0,1,118,0,1,125,-1,1,145,0,1,89,0,0,143,0,0
75,0,1,118,0,1,125,-1,1,145,0,1,89,0,0,143,0,0,126,-2,1
118,0,1,125,-1,1,145,0,1,89,0,0,143,0,0,126,-2,1,100,-1,1
125,-1,1,145,0,1,89,0,0,143,0,0,126,-2,1,100,-1,1,146,0,1
145,0,1,89,0,0,143,0,0,126,-2,1,100,-1,1,146,0,1,143,0,1
89,0,0,143,0,0,126,-2,1,100,-1,1,146,0,1,143,0,1,191,0,1
143,0,0,126,-2,1,100,-1,1,146,0,1,143,0,1,191,0,1,205,-1,0
126,-2,1,100,-1,1,146,0,1,143,0,1,191,0,1,205,-1,0,208,0,0
100,-1,1,146,0,1,143,0,1,191,0,1,205,-1,0,208,0,0,223,0,1
146,0,1,143,0,1,191,0,1,205,-1,0,208,0,0,223,0,1,229,0,1
143,0,1,191,0,1,205,-1,0,208,0,0,223,0,1,229,0,1,313,-1,1
191,0,1,205,-1,0,208,0,0,223,0,1,229,0,1,313,-1,1,343,-1,1
205,-1,0,208,0,0,223,0,1,229,0,1,313,-1,1,343,-1,1,363,0,1
208,0,0,223,0,1,229,0,1,313,-1,1,343,-1,1,363,0,1,386,2,0
223,0,1,229,0,1,313,-1,1,343,-1,1,363,0,1,386,2,0,330,1,0
229,0,1,313,-1,1,343,-1,1,363,0,1,386,2,0,330,1,0,271,-1,1
313,-1,1,343,-1,1,363,0,1,386,2,0,330,1,0,271,-1,1,349,2,1
343,-1,1,363,0,1,386,2,0,330,1,0,271,-1,1,349,2,1,382,0,1
363,0,1,386,2,0,330,1,0,271,-1,1,349,2,1,382,0,1,583,-1,1
386,2,0,330,1,0,271,-1,1,349,2,1,382,0,1,583,-1,1,569,0,1
330,1,0,271,-1,1,349,2,1,382,0,1,583,-1,1,569,0,1,488,0,0
271,-1,1,349,2,1,382,0,1,583,-1,1,569,0,1,488,0,0,449,0,0
349,2,1,382,0,1,583,-1,1,569,0,1,488,0,0,449,0,0,377,-1,1
382,0,1,583,-1,1,569,0,1,488,0,0,449,0,0,377,-1,1,451,0,1
583,-1,1,569,0,1,488,0,0,449,0,0,377,-1,1,451,0,1,511,0,1
569,0,1,488,0,0,449,0,0,377,-1,1,451,0,1,511,0,1,540,0,1
488,0,0,449,0,0,377,-1,1,451,0,1,511,0,1,540,0,1,629,0,1
449,0,0,377,-1,1,451,0,1,511,0,1,540,0,1,629,0,1,583,0,0
377,-1,1,451,0,1,511,0,1,540,0,1,629,0,1,583,0,0,631,-1,0
451,0,1,511,0,1,540,0,1,629,0,1,583,0,0,631,-1,0,615,0,1
511,0,1,540,0,1,629,0,1,583,0,0,631,-1,0,615,0,1,594,-2,1
540,0,1,629,0,1,583,0,0,631,-1,0,615,0,1,594,-2,1,677,0,1
629,0,1,583,0,0,631,-1,0,615,0,1,594,-2,1,677,0,1,666,0,1
583,0,0,631,-1,0,615,0,1,594,-2,1,677,0,1,666,0,1,688,0,1
631,-1,0,615,0,1,594,-2,1,677,0,1,666,0,1,688,0,1,950,0,0
615,0,1,594,-2,1,677,0,1,666,0,1,688,0,1,950,0,0,1030,-2,0
594,-2,1,677,0,1,666,0,1,688,0,1,950,0,0,1030,-2,0,718,1,1
677,0,1,666,0,1,688,0,1,950,0,0,1030,-2,0,718,1,1,880,0,1
666,0,1,688,0,1,950,0,0,1030,-2,0,718,1,1,880,0,1,1078,1,1
688,0,1,950,0,0,1030,-2,0,718,1,1,880,0,1,1078,1,1,1011,0,1
950,0,0,1030,-2,0,718,1,1,880,0,1,1078,1,1,1011,0,1,1062,0,1
1030,-2,0,718,1,1,880,0,1,1078,1,1,1011,0,1,1062,0,1,1055,0,0
718,1,1,880,0,1,1078,1,1,1011,0,1,1062,0,1,1055,0,0,1095,-1,0
880,0,1,1078,1,1,1011,0,1,1062,0,1,1055,0,0,1095,-1,0,926,0,1
1078,1,1,1011,0,1,1062,0,1,1055,0,0,1095,-1,0,926,0,1,869,0,1
1011,0,1,1062,0,1,1055,0,0,1095,-1,0,926,0,1,869,0,1,1090,0,1
1062,0,1,1055,0,0,1095,-1,0,926,0,1,869,0,1,1090,0,1,983,0,1
1055,0,0,1095,-1,0,926,0,1,869,0,1,1090,0,1,983,0,1,1237,0,0
1095,-1,0,926,0,1,869,0,1,1090,0,1,983,0,1,1237,0,0,1132,0,0
926,0,1,869,0,1,1090,0,1,983,0,1,1237,0,0,1132,0,0,970,0,0
869,0,1,1090,0,1,983,0,1,1237,0,0,1132,0,0,970,0,0,808,0,1
1090,0,1,983,0,1,1237,0,0,1132,0,0,970,0,0,808,0,1,1045,0,1
983,0,1,1237,0,0,1132,0,0,970,0,0,808,0,1,1045,0,1,1048,-2,1
1237,0,0,1132,0,0,970,0,0,808,0,1,1045,0,1,1048,-2,1,967,0,1
1132,0,0,970,0,0,808,0,1,1045,0,1,1048,-2,1,967,0,1,1029,-2,0
970,0,0,808,0,1,1045,0,1,1048,-2,1,967,0,1,1029,-2,0,824,0,0
808,0,1,1045,0,1,1048,-2,1,967,0,1,1029,-2,0,824,0,0,651,-2,0
1045,0,1,1048,-2,1,967,0,1,1029,-2,0,824,0,0,651,-2,0,1020,0,1
1048,-2,1,967,0,1,1029,-2,0,824,0,0,651,-2,0,1020,0,1,715,0,1
967,0,1,1029,-2,0,824,0,0,651,-2,0,1020,0,1,715,0,1,839,0,1
1029,-2,0,824,0,0,651,-2,0,1020,0,1,715,0,1,839,0,1,868,0,1
824,0,0,651,-2,0,1020,0,1,715,0,1,839,0,1,868,0,1,672,0,1
651,-2,0,1020,0,1,715,0,1,839,0,1,868,0,1,672,0,1,641,-2,0
1020,0,1,715,0,1,839,0,1,868,0,1,672,0,1,641,-2,0,665,0,0
715,0,1,839,0,1,868,0,1,672,0,1,641,-2,0,665,0,0,450,-1,1
839,0,1,868,0,1,672,0,1,641,-2,0,665,0,0,450,-1,1,537,0,1
868,0,1,672,0,1,641,-2,0,665,0,0,450,-1,1,537,0,1,561,-2,1
672,0,1,641,-2,0,665,0,0,450,-1,1,537,0,1,561,-2,1,516,0,1
641,-2,0,665,0,0,450,-1,1,537,0,1,561,-2,1,516,0,1,513,-1,1
665,0,0,450,-1,1,537,0,1,561,-2,1,516,0,1,513,-1,1,579,-2,0
450,-1,1,537,0,1,561,-2,1,516,0,1,513,-1,1,579,-2,0,520,0,0
537,0,1,561,-2,1,516,0,1,513,-1,1,579,-2,0,520,0,0,389,-1,1
561,-2,1,516,0,1,513,-1,1,579,-2,0,520,0,0,389,-1,1,386,-2,1
516,0,1,513,-1,1,579,-2,0,520,0,0,389,-1,1,386,-2,1,403,0,1
513,-1,1,579,-2,0,520,0,0,389,-1,1,386,-2,1,403,0,1,400,0,1
579,-2,0,520,0,0,389,-1,1,386,-2,1,403,0,1,400,0,1,344,0,1
520,0,0,389,-1,1,386,-2,1,403,0,1,400,0,1,344,0,1,430,0,0
389,-1,1,386,-2,1,403,0,1,400,0,1,344,0,1,430,0,0,392,0,0
386,-2,1,403,0,1,400,0,1,344,0,1,430,0,0,392,0,0,437,0,1
403,0,1,400,0,1,344,0,1,430,0,0,392,0,0,437,0,1,354,-2,1
400,0,1,344,0,1,430,0,0,392,0,0,437,0,1,354,-2,1,554,-4,1
344,0,1,430,0,0,392,0,0,437,0,1,354,-2,1,554,-4,1,497,0,1
430,0,0,392,0,0,437,0,1,354,-2,1,554,-4,1,497,0,1,469,0,1
392,0,0,437,0,1,354,-2,1,554,-4,1,497,0,1,469,0,1,355,0,0
437,0,1,354,-2,1,554,-4,1,497,0,1,469,0,1,355,0,0,303,-1,0
354,-2,1,554,-4,1,497,0,1,469,0,1,355,0,0,303,-1,0,455,0,1
554,-4,1,497,0,1,469,0,1,355,0,0,303,-1,0,455,0,1,336,0,1
497,0,1,469,0,1,355,0,0,303,-1,0,455,0,1,336,0,1,467,0,1
469,0,1,355,0,0,303,-1,0,455,0,1,336,0,1,467,0,1,451,0,1
355,0,0,303,-1,0,455,0,1,336,0,1,467,0,1,451,0,1,369,0,1
303,-1,0,455,0,1,336,0,1,467,0,1,451,0,1,369,0,1,393,0,0
455,0,1,336,0,1,467,0,1,451,0,1,369,0,1,393,0,0,372,0,0
336,0,1,467,0,1,451,0,1,369,0,1,393,0,0,372,0,0,289,0,1
467,0,1,451,0,1,369,0,1,393,0,0,372,0,0,289,0,1,302,0,1
451,0,1,369,0,1,393,0,0,372,0,0,289,0,1,302,0,1,443,0,1
369,0,1,393,0,0,372,0,0,289,0,1,302,0,1,443,0,1,504,0,0
393,0,0,372,0,0,289,0,1,302,0,1,443,0,1,504,0,0,403,0,0
372,0,0,289,0,1,302,0,1,443,0,1,504,0,0,403,0,0,362,0,0
289,0,1,302,0,1,443,0,1,504,0,0,403,0,0,362,0,0,326,0,0
302,0,1,443,0,1,504,0,0,403,0,0,362,0,0,326,0,0,344,0,1
443,0,1,504,0,0,403,0,0,362,0,0,326,0,0,344,0,1,456,0,1
504,0,0,403,0,0,362,0,0,326,0,0,344,0,1,456,0,1,621,-1,1
403,0,0,362,0,0,326,0,0,344,0,1,456,0,1,621,-1,1,621,0,1
362,0,0,326,0,0,344,0,1,456,0,1,621,-1,1,621,0,1,561,0,1
326,0,0,344,0,1,456,0,1,621,-1,1,621,0,1,561,0,1,448,0,0
344,0,1,456,0,1,621,-1,1,621,0,1,561,0,1,448,0,0,416,0,0
456,0,1,621,-1,1,621,0,1,561,0,1,448,0,0,416,0,0,332,0,1
621,-1,1,621,0,1,561,0,1,448,0,0,416,0,0,332,0,1,357,0,1
621,0,1,561,0,1,448,0,0,416,0,0,332,0,1,357,0,1,439,0,1
561,0,1,448,0,0,416,0,0,332,0,1,357,0,1,439,0,1,396,-1,1
448,0,0,416,0,0,332,0,1,357,0,1,439,0,1,396,-1,1,406,0,1
416,0,0,332,0,1,357,0,1,439,0,1,396,-1,1,406,0,1,399,-2,0
332,0,1,357,0,1,439,0,1,396,-1,1,406,0,1,399,-2,0,355,0,0
357,0,1,439,0,1,396,-1,1,406,0,1,399,-2,0,355,0,0,353,-1,0
439,0,1,396,-1,1,406,0,1,399,-2,0,355,0,0,353,-1,0,343,0,1
396,-1,1,406,0,1,399,-2,0,355,0,0,353,-1,0,343,0,1,444,-1,1
406,0,1,399,-2,0,355,0,0,353,-1,0,343,0,1,444,-1,1,424,0,1
399,-2,0,355,0,0,353,-1,0,343,0,1,444,-1,1,424,0,1,398,0,1
355,0,0,353,-1,0,343,0,1,444,-1,1,424,0,1,398,0,1,417,0,0
353,-1,0,343,0,1,444,-1,1,424,0,1,398,0,1,417,0,0,416,0,0
343,0,1,444,-1,1,424,0,1,398,0,1,417,0,0,416,0,0,346,0,1
444,-1,1,424,0,1,398,0,1,417,0,0,416,0,0,346,0,1,446,0,1
424,0,1,398,0,1,417,0,0,416,0,0,346,0,1,446,0,1,470,0,1
398,0,1,417,0,0,416,0,0,346,0,1,446,0,1,470,0,1,465,0,1
417,0,0,416,0,0,346,0,1,446,0,1,470,0,1,465,0,1,488,0,1
416,0,0,346,0,1,446,0,1,470,0,1,465,0,1,488,0,1,490,-1,0
346,0,1,446,0,1,470,0,1,465,0,1,488,0,1,490,-1,0,459,-2,0
446,0,1,470,0,1,465,0,1,488,0,1,490,-1,0,459,-2,0,382,0,1
470,0,1,465,0,1,488,0,1,490,-1,0,459,-2,0,382,0,1,363,0,1
465,0,1,488,0,1,490,-1,0,459,-2,0,382,0,1,363,0,1,469,0,1
488,0,1,490,-1,0,459,-2,0,382,0,1,363,0,1,469,0,1,445,0,1
490,-1,0,459,-2,0,382,0,1,363,0,1,469,0,1,445,0,1,463,0,1
459,-2,0,382,0,1,363,0,1,469,0,1,445,0,1,463,0,1,452,0,0
382,0,1,363,0,1,469,0,1,445,0,1,463,0,1,452,0,0,456,0,0
363,0,1,469,0,1,445,0,1,463,0,1,452,0,0,456,0,0,410,0,1
469,0,1,445,0,1,463,0,1,452,0,0,456,0,0,410,0,1,346,0,1
445,0,1,463,0,1,452,0,0,456,0,0,410,0,1,346,0,1,425,0,1
463,0,1,452,0,0,456,0,0,410,0,1,346,0,1,425,0,1,430,0,1
452,0,0,456,0,0,410,0,1,346,0,1,425,0,1,430,0,1,494,0,1
456,0,0,410,0,1,346,0,1,425,0,1,430,0,1,494,0,1,505,0,0
410,0,1,346,0,1,425,0,1,430,0,1,494,0,1,505,0,0,482,0,0
346,0,1,425,0,1,430,0,1,494,0,1,505,0,0,482,0,0,384,-1,1
425,0,1,430,0,1,494,0,1,505,0,0,482,0,0,384,-1,1,441,-2,1
430,0,1,494,0,1,505,0,0,482,0,0,384,-1,1,441,-2,1,506,0,1
494,0,1,505,0,0,482,0,0,384,-1,1,441,-2,1,506,0,1,551,0,1
505,0,0,482,0,0,384,-1,1,441,-2,1,506,0,1,551,0,1,555,-1,1
482,0,0,384,-1,1,441,-2,1,506,0,1,551,0,1,555,-1,1,542,0,0
384,-1,1,441,-2,1,506,0,1,551,0,1,555,-1,1,542,0,0,543,0,0
441,-2,1,506,0,1,551,0,1,555,-1,1,542,0,0,543,0,0,473,0,1
506,0,1,551,0,1,555,-1,1,542,0,0,543,0,0,473,0,1,478,-2,1
551,0,1,555,-1,1,542,0,0,543,0,0,473,0,1,478,-2,1,668,0,1
555,-1,1,542,0,0,543,0,0,473,0,1,478,-2,1,668,0,1,700,0,1
542,0,0,543,0,0,473,0,1,478,-2,1,668,0,1,700,0,1,671,0,1
543,0,0,473,0,1,478,-2,1,668,0,1,700,0,1,671,0,1,676,0,0
473,0,1,478,-2,1,668,0,1,700,0,1,671,0,1,676,0,0,614,0,0
478,-2,1,668,0,1,700,0,1,671,0,1,676,0,0,614,0,0,587,0,1
668,0,1,700,0,1,671,0,1,676,0,0,614,0,0,587,0,1,542,0,1
700,0,1,671,0,1,676,0,0,614,0,0,587,0,1,542,0,1,731,-2,1
671,0,1,676,0,0,614,0,0,587,0,1,542,0,1,731,-2,1,698,0,1
676,0,0,614,0,0,587,0,1,542,0,1,731,-2,1,698,0,1,672,0,1
614,0,0,587,0,1,542,0,1,731,-2,1,698,0,1,672,0,1,655,0,0
587,0,1,542,0,1,731,-2,1,698,0,1,672,0,1,655,0,0,671,0,0
542,0,1,731,-2,1,698,0,1,672,0,1,655,0,0,671,0,0,531,0,1
731,-2,1,698,0,1,672,0,1,655,0,0,671,0,0,531,0,1,549,0,1
698,0,1,672,0,1,655,0,0,671,0,0,531,0,1,549,0,1,731,0,1
672,0,1,655,0,0,671,0,0,531,0,1,549,0,1,731,0,1,735,0,1
655,0,0,671,0,0,531,0,1,549,0,1,731,0,1,735,0,1,797,0,1
671,0,0,531,0,1,549,0,1,731,0,1,735,0,1,797,0,1,785,0,0
531,0,1,549,0,1,731,0,1,735,0,1,797,0,1,785,0,0,500,0,0
549,0,1,731,0,1,735,0,1,797,0,1,785,0,0,500,0,0,511,0,1
731,0,1,735,0,1,797,0,1,785,0,0,500,0,0,511,0,1,644,2,1
735,0,1,797,0,1,785,0,0,500,0,0,511,0,1,644,2,1,775,-1,1
797,0,1,785,0,0,500,0,0,511,0,1,644,2,1,775,-1,1,678,0,1
785,0,0,500,0,0,511,0,1,644,2,1,775,-1,1,678,0,1,656,0,1
500,0,0,511,0,1,644,2,1,775,-1,1,678,0,1,656,0,1,627,-2,0
511,0,1,644,2,1,775,-1,1,678,0,1,656,0,1,627,-2,0,606,0,0
644,2,1,775,-1,1,678,0,1,656,0,1,627,-2,0,606,0,0,488,1,1
775,-1,1,678,0,1,656,0,1,627,-2,0,606,0,0,488,1,1,541,-2,1
678,0,1,656,0,1,627,-2,0,606,0,0,488,1,1,541,-2,1,676,0,0
656,0,1,627,-2,0,606,0,0,488,1,1,541,-2,1,676,0,0,574,0,1
627,-2,0,606,0,0,488,1,1,541,-2,1,676,0,0,574,0,1,525,0,1
606,0,0,488,1,1,541,-2,1,676,0,0,574,0,1,525,0,1,701,0,0
488,1,1,541,-2,1,676,0,0,574,0,1,525,0,1,701,0,0,564,0,0
541,-2,1,676,0,0,574,0,1,525,0,1,701,0,0,564,0,0,463,0,1
676,0,0,574,0,1,525,0,1,701,0,0,564,0,0,463,0,1,511,0,1
574,0,1,525,0,1,701,0,0,564,0,0,463,0,1,511,0,1,635,1,1
525,0,1,701,0,0,564,0,0,463,0,1,511,0,1,635,1,1,715,-1,1
701,0,0,564,0,0,463,0,1,511,0,1,635,1,1,715,-1,1,747,-1,1
564,0,0,463,0,1,511,0,1,635,1,1,715,-1,1,747,-1,1,681,0,0
463,0,1,511,0,1,635,1,1,715,-1,1,747,-1,1,681,0,0,610,0,0
511,0,1,635,1,1,715,-1,1,747,-1,1,681,0,0,610,0,0,619,-1,1
635,1,1,715,-1,1,747,-1,1,681,0,0,610,0,0,619,-1,1,528,-2,1
715,-1,1,747,-1,1,681,0,0,610,0,0,619,-1,1,528,-2,1,653,0,0
747,-1,1,681,0,0,610,0,0,619,-1,1,528,-2,1,653,0,0,646,0,1
681,0,0,610,0,0,619,-1,1,528,-2,1,653,0,0,646,0,1,561,0,1
610,0,0,619,-1,1,528,-2,1,653,0,0,646,0,1,561,0,1,666,-1,0
619,-1,1,528,-2,1,653,0,0,646,0,1,561,0,1,666,-1,0,585,0,0
528,-2,1,653,0,0,646,0,1,561,0,1,666,-1,0,585,0,0,538,0,1
653,0,0,646,0,1,561,0,1,666,-1,0,585,0,0,538,0,1,516,0,1
646,0,1,561,0,1,666,-1,0,585,0,0,538,0,1,516,0,1,699,-1,1
561,0,1,666,-1,0,585,0,0,538,0,1,516,0,1,699,-1,1,629,0,1
666,-1,0,585,0,0,538,0,1,516,0,1,699,-1,1,629,0,1,587,4,1
585,0,0,538,0,1,516,0,1,699,-1,1,629,0,1,587,4,1,533,0,0
538,0,1,516,0,1,699,-1,1,629,0,1,587,4,1,533,0,0,479,0,0
516,0,1,699,-1,1,629,0,1,587,4,1,533,0,0,479,0,0,430,0,1
699,-1,1,629,0,1,587,4,1,533,0,0,479,0,0,430,0,1,459,0,1
629,0,1,587,4,1,533,0,0,479,0,0,430,0,1,459,0,1,677,0,1
587,4,1,533,0,0,479,0,0,430,0,1,459,0,1,677,0,1,681,0,1
533,0,0,479,0,0,430,0,1,459,0,1,677,0,1,681,0,1,695,-1,1
479,0,0,430,0,1,459,0,1,677,0,1,681,0,1,695,-1,1,744,-1,0
430,0,1,459,0,1,677,0,1,681,0,1,695,-1,1,744,-1,0,556,0,0
459,0,1,677,0,1,681,0,1,695,-1,1,744,-1,0,556,0,0,485,0,1
677,0,1,681,0,1,695,-1,1,744,-1,0,556,0,0,485,0,1,454,0,1
681,0,1,695,-1,1,744,-1,0,556,0,0,485,0,1,454,0,1,601,0,1
695,-1,1,744,-1,0,556,0,0,485,0,1,454,0,1,601,0,1,611,0,1
744,-1,0,556,0,0,485,0,1,454,0,1,601,0,1,611,0,1,556,0,1
556,0,0,485,0,1,454,0,1,601,0,1,611,0,1,556,0,1,563,0,0
485,0,1,454,0,1,601,0,1,611,0,1,556,0,1,563,0,0,452,0,0
454,0,1,601,0,1,611,0,1,556,0,1,563,0,0,452,0,0,399,0,1
601,0,1,611,0,1,556,0,1,563,0,0,452,0,0,399,0,1,374,-1,1
611,0,1,556,0,1,563,0,0,452,0,0,399,0,1,374,-1,1,544,0,1
556,0,1,563,0,0,452,0,0,399,0,1,374,-1,1,544,0,1,540,0,1
563,0,0,452,0,0,399,0,1,374,-1,1,544,0,1,540,0,1,507,0,1
452,0,0,399,0,1,374,-1,1,544,0,1,540,0,1,507,0,1,482,0,0
399,0,1,374,-1,1,544,0,1,540,0,1,507,0,1,482,0,0,429,0,0
374,-1,1,544,0,1,540,0,1,507,0,1,482,0,0,429,0,0,357,0,1
544,0,1,540,0,1,507,0,1,482,0,0,429,0,0,357,0,1,395,0,1
540,0,1,507,0,1,482,0,0,429,0,0,357,0,1,395,0,1,644,0,1
507,0,1,482,0,0,429,0,0,357,0,1,395,0,1,644,0,1,610,0,1
482,0,0,429,0,0,357,0,1,395,0,1,644,0,1,610,0,1,634,0,1
429,0,0,357,0,1,395,0,1,644,0,1,610,0,1,634,0,1,668,0,0
357,0,1,395,0,1,644,0,1,610,0,1,634,0,1,668,0,0,614,0,0
395,0,1,644,0,1,610,0,1,634,0,1,668,0,0,614,0,0,501,0,1
644,0,1,610,0,1,634,0,1,668,0,0,614,0,0,501,0,1,595,0,1
610,0,1,634,0,1,668,0,0,614,0,0,501,0,1,595,0,1,794,0,1
634,0,1,668,0,0,614,0,0,501,0,1,595,0,1,794,0,1,762,0,1
668,0,0,614,0,0,501,0,1,595,0,1,794,0,1,762,0,1,826,0,1
614,0,0,501,0,1,595,0,1,794,0,1,762,0,1,826,0,1,793,0,0
501,0,1,595,0,1,794,0,1,762,0,1,826,0,1,793,0,0,742,0,0
595,0,1,794,0,1,762,0,1,826,0,1,793,0,0,742,0,0,711,0,1
794,0,1,762,0,1,826,0,1,793,0,0,742,0,0,711,0,1,746,0,1
762,0,1,826,0,1,793,0,0,742,0,0,711,0,1,746,0,1,1212,0,1
826,0,1,793,0,0,742,0,0,711,0,1,746,0,1,1212,0,1,1275,0,1
793,0,0,742,0,0,711,0,1,746,0,1,1212,0,1,1275,0,1,1316,-1,1
742,0,0,711,0,1,746,0,1,1212,0,1,1275,0,1,1316,-1,1,1378,0,0
711,0,1,746,0,1,1212,0,1,1275,0,1,1316,-1,1,1378,0,0,1100,0,0
746,0,1,1212,0,1,1275,0,1,1316,-1,1,1378,0,0,1100,0,0,1324,0,1
1212,0,1,1275,0,1,1316,-1,1,1378,0,0,1100,0,0,1324,0,1,1150,0,1
1275,0,1,1316,-1,1,1378,0,0,1100,0,0,1324,0,1,1150,0,1,1615,0,1
1316,-1,1,1378,0,0,1100,0,0,1324,0,1,1150,0,1,1615,0,1,1600,0,1
1378,0,0,1100,0,0,1324,0,1,1150,0,1,1615,0,1,1600,0,1,1535,0,1
1100,0,0,1324,0,1,1150,0,1,1615,0,1,1600,0,1,1535,0,1,1454,0,0
1324,0,1,1150,0,1,1615,0,1,1600,0,1,1535,0,1,1454,0,0,1451,-2,0
1150,0,1,1615,0,1,1600,0,1,1535,0,1,1454,0,0,1451,-2,0,1252,0,1
1615,0,1,1600,0,1,1535,0,1,1454,0,0,1451,-2,0,1252,0,1,1278,-1,1
1600,0,1,1535,0,1,1454,0,0,1451,-2,0,1252,0,1,1278,-1,1,1784,0,1
1535,0,1,1454,0,0,1451,-2,0,1252,0,1,1278,-1,1,1784,0,1,1838,0,1
1454,0,0,1451,-2,0,1252,0,1,1278,-1,1,1784,0,1,1838,0,1,1630,0,1
1451,-2,0,1252,0,1,1278,-1,1,1784,0,1,1838,0,1,1630,0,1,1629,0,0
1252,0,1,1278,-1,1,1784,0,1,1838,0,1,1630,0,1,1629,0,0,1486,0,0
1278,-1,1,1784,0,1,1838,0,1,1630,0,1,1629,0,0,1486,0,0,1318,0,1
1784,0,1,1838,0,1,1630,0,1,1629,0,0,1486,0,0,1318,0,1,1365,-2,1
1838,0,1,1630,0,1,1629,0,0,1486,0,0,1318,0,1,1365,-2,1,1896,-1,1
1630,0,1,1629,0,0,1486,0,0,1318,0,1,1365,-2,1,1896,-1,1,1674,0,1
